Algorithm,InputType,Size,Run,ExecutionTimeNs,MaxRecursionDepth,Comparisons
MergeSort,Random,100,1,15900,4,605
MergeSort,Random,100,2,17300,4,605
MergeSort,Random,100,3,17300,4,605
MergeSort,Random,100,4,19100,4,605
MergeSort,Random,100,5,18700,4,605
MergeSort,Random,100,6,18400,4,605
MergeSort,Random,100,7,19100,4,605
QuickSort,Random,100,1,143800,4,962
QuickSort,Random,100,2,50700,4,962
QuickSort,Random,100,3,48800,4,962
QuickSort,Random,100,4,56300,4,962
QuickSort,Random,100,5,78700,4,962
QuickSort,Random,100,6,41200,4,962
QuickSort,Random,100,7,31100,4,962
DeterministicSelect,Random,100,1,42400,5,694
DeterministicSelect,Random,100,2,36000,5,694
DeterministicSelect,Random,100,3,62300,5,694
DeterministicSelect,Random,100,4,26200,5,694
DeterministicSelect,Random,100,5,19500,5,694
DeterministicSelect,Random,100,6,19700,5,694
DeterministicSelect,Random,100,7,42500,5,694
MergeSort,Sorted,100,1,13100,4,244
MergeSort,Sorted,100,2,16200,4,244
MergeSort,Sorted,100,3,15900,4,244
MergeSort,Sorted,100,4,12800,4,244
MergeSort,Sorted,100,5,16300,4,244
MergeSort,Sorted,100,6,21400,4,244
MergeSort,Sorted,100,7,14600,4,244
QuickSort,Sorted,100,1,10000,4,1069
QuickSort,Sorted,100,2,12300,4,1069
QuickSort,Sorted,100,3,57000,4,1069
QuickSort,Sorted,100,4,17600,4,1069
QuickSort,Sorted,100,5,11800,4,1069
QuickSort,Sorted,100,6,9700,4,1069
QuickSort,Sorted,100,7,11100,4,1069
DeterministicSelect,Sorted,100,1,5700,6,641
DeterministicSelect,Sorted,100,2,5200,6,641
DeterministicSelect,Sorted,100,3,6200,6,641
DeterministicSelect,Sorted,100,4,5800,6,641
DeterministicSelect,Sorted,100,5,6000,6,641
DeterministicSelect,Sorted,100,6,5400,6,641
DeterministicSelect,Sorted,100,7,6300,6,641
MergeSort,ReverseSorted,100,1,30000,4,724
MergeSort,ReverseSorted,100,2,36400,4,724
MergeSort,ReverseSorted,100,3,30200,4,724
MergeSort,ReverseSorted,100,4,25000,4,724
MergeSort,ReverseSorted,100,5,32700,4,724
MergeSort,ReverseSorted,100,6,25300,4,724
MergeSort,ReverseSorted,100,7,16600,4,724
QuickSort,ReverseSorted,100,1,8700,4,1011
QuickSort,ReverseSorted,100,2,8400,4,1011
QuickSort,ReverseSorted,100,3,9000,4,1011
QuickSort,ReverseSorted,100,4,8600,4,1011
QuickSort,ReverseSorted,100,5,6300,4,1011
QuickSort,ReverseSorted,100,6,9300,4,1011
QuickSort,ReverseSorted,100,7,5800,4,1011
DeterministicSelect,ReverseSorted,100,1,5100,6,810
DeterministicSelect,ReverseSorted,100,2,5800,6,810
DeterministicSelect,ReverseSorted,100,3,5800,6,810
DeterministicSelect,ReverseSorted,100,4,5800,6,810
DeterministicSelect,ReverseSorted,100,5,7400,6,810
DeterministicSelect,ReverseSorted,100,6,5000,6,810
DeterministicSelect,ReverseSorted,100,7,7300,6,810
MergeSort,Duplicates,100,1,4600,4,608
MergeSort,Duplicates,100,2,24100,4,608
MergeSort,Duplicates,100,3,6100,4,608
MergeSort,Duplicates,100,4,5700,4,608
MergeSort,Duplicates,100,5,5300,4,608
MergeSort,Duplicates,100,6,7700,4,608
MergeSort,Duplicates,100,7,4900,4,608
QuickSort,Duplicates,100,1,3500,2,530
QuickSort,Duplicates,100,2,3900,2,530
QuickSort,Duplicates,100,3,3700,2,530
QuickSort,Duplicates,100,4,3100,2,530
QuickSort,Duplicates,100,5,3300,2,530
QuickSort,Duplicates,100,6,3700,2,530
QuickSort,Duplicates,100,7,3200,2,530
DeterministicSelect,Duplicates,100,1,3200,3,383
DeterministicSelect,Duplicates,100,2,3800,3,383
DeterministicSelect,Duplicates,100,3,3200,3,383
DeterministicSelect,Duplicates,100,4,13200,3,383
DeterministicSelect,Duplicates,100,5,3400,3,383
DeterministicSelect,Duplicates,100,6,3100,3,383
DeterministicSelect,Duplicates,100,7,2900,3,383
ClosestPair,RandomPoints,100,1,122100,7,128
ClosestPair,RandomPoints,100,2,117900,7,128
ClosestPair,RandomPoints,100,3,116600,7,128
ClosestPair,RandomPoints,100,4,78200,7,128
ClosestPair,RandomPoints,100,5,64800,7,128
ClosestPair,RandomPoints,100,6,71500,7,128
ClosestPair,RandomPoints,100,7,64700,7,128
MergeSort,Random,1000,1,62900,7,10392
MergeSort,Random,1000,2,60900,7,10392
MergeSort,Random,1000,3,58700,7,10392
MergeSort,Random,1000,4,145800,7,10392
MergeSort,Random,1000,5,188400,7,10392
MergeSort,Random,1000,6,73500,7,10392
MergeSort,Random,1000,7,182500,7,10392
QuickSort,Random,1000,1,90400,6,19519
QuickSort,Random,1000,2,93800,6,19519
QuickSort,Random,1000,3,84500,6,19519
QuickSort,Random,1000,4,95100,6,19519
QuickSort,Random,1000,5,92600,6,19519
QuickSort,Random,1000,6,81700,6,19519
QuickSort,Random,1000,7,81500,6,19519
DeterministicSelect,Random,1000,1,45300,8,7968
DeterministicSelect,Random,1000,2,50600,8,7968
DeterministicSelect,Random,1000,3,53200,8,7968
DeterministicSelect,Random,1000,4,48500,8,7968
DeterministicSelect,Random,1000,5,62700,8,7968
DeterministicSelect,Random,1000,6,67400,8,7968
DeterministicSelect,Random,1000,7,52500,8,7968
MergeSort,Sorted,1000,1,38800,7,3956
MergeSort,Sorted,1000,2,39600,7,3956
MergeSort,Sorted,1000,3,38300,7,3956
MergeSort,Sorted,1000,4,37600,7,3956
MergeSort,Sorted,1000,5,36400,7,3956
MergeSort,Sorted,1000,6,38600,7,3956
MergeSort,Sorted,1000,7,37700,7,3956
QuickSort,Sorted,1000,1,125700,6,20291
QuickSort,Sorted,1000,2,120600,6,20291
QuickSort,Sorted,1000,3,126400,6,20291
QuickSort,Sorted,1000,4,123700,6,20291
QuickSort,Sorted,1000,5,123400,6,20291
QuickSort,Sorted,1000,6,153000,6,20291
QuickSort,Sorted,1000,7,132700,6,20291
DeterministicSelect,Sorted,1000,1,50000,9,7792
DeterministicSelect,Sorted,1000,2,55600,9,7792
DeterministicSelect,Sorted,1000,3,27900,9,7792
DeterministicSelect,Sorted,1000,4,26100,9,7792
DeterministicSelect,Sorted,1000,5,26900,9,7792
DeterministicSelect,Sorted,1000,6,25300,9,7792
DeterministicSelect,Sorted,1000,7,25500,9,7792
MergeSort,ReverseSorted,1000,1,53200,7,10300
MergeSort,ReverseSorted,1000,2,48300,7,10300
MergeSort,ReverseSorted,1000,3,44500,7,10300
MergeSort,ReverseSorted,1000,4,46000,7,10300
MergeSort,ReverseSorted,1000,5,37900,7,10300
MergeSort,ReverseSorted,1000,6,45700,7,10300
MergeSort,ReverseSorted,1000,7,45400,7,10300
QuickSort,ReverseSorted,1000,1,73000,6,18564
QuickSort,ReverseSorted,1000,2,70400,6,18564
QuickSort,ReverseSorted,1000,3,86200,6,18564
QuickSort,ReverseSorted,1000,4,72200,6,18564
QuickSort,ReverseSorted,1000,5,67800,6,18564
QuickSort,ReverseSorted,1000,6,67500,6,18564
QuickSort,ReverseSorted,1000,7,67300,6,18564
DeterministicSelect,ReverseSorted,1000,1,29000,8,8843
DeterministicSelect,ReverseSorted,1000,2,37000,8,8843
DeterministicSelect,ReverseSorted,1000,3,28700,8,8843
DeterministicSelect,ReverseSorted,1000,4,27400,8,8843
DeterministicSelect,ReverseSorted,1000,5,35200,8,8843
DeterministicSelect,ReverseSorted,1000,6,28400,8,8843
DeterministicSelect,ReverseSorted,1000,7,34700,8,8843
MergeSort,Duplicates,1000,1,57000,7,9822
MergeSort,Duplicates,1000,2,52100,7,9822
MergeSort,Duplicates,1000,3,40800,7,9822
MergeSort,Duplicates,1000,4,63400,7,9822
MergeSort,Duplicates,1000,5,47400,7,9822
MergeSort,Duplicates,1000,6,47200,7,9822
MergeSort,Duplicates,1000,7,53300,7,9822
QuickSort,Duplicates,1000,1,19400,2,5133
QuickSort,Duplicates,1000,2,19700,2,5133
QuickSort,Duplicates,1000,3,17900,2,5133
QuickSort,Duplicates,1000,4,16400,2,5133
QuickSort,Duplicates,1000,5,16200,2,5133
QuickSort,Duplicates,1000,6,15900,2,5133
QuickSort,Duplicates,1000,7,15100,2,5133
DeterministicSelect,Duplicates,1000,1,17600,5,3696
DeterministicSelect,Duplicates,1000,2,16100,5,3696
DeterministicSelect,Duplicates,1000,3,24200,5,3696
DeterministicSelect,Duplicates,1000,4,15600,5,3696
DeterministicSelect,Duplicates,1000,5,15500,5,3696
DeterministicSelect,Duplicates,1000,6,15100,5,3696
DeterministicSelect,Duplicates,1000,7,15400,5,3696
ClosestPair,RandomPoints,1000,1,743700,10,1157
ClosestPair,RandomPoints,1000,2,657200,10,1157
ClosestPair,RandomPoints,1000,3,1161900,10,1157
ClosestPair,RandomPoints,1000,4,453300,10,1157
ClosestPair,RandomPoints,1000,5,1657400,10,1157
ClosestPair,RandomPoints,1000,6,2011900,10,1157
ClosestPair,RandomPoints,1000,7,1877800,10,1157
MergeSort,Random,5000,1,2022300,10,58351
MergeSort,Random,5000,2,1618300,10,58351
MergeSort,Random,5000,3,1332200,10,58351
MergeSort,Random,5000,4,1387100,10,58351
MergeSort,Random,5000,5,1528700,10,58351
MergeSort,Random,5000,6,1220900,10,58351
MergeSort,Random,5000,7,500400,10,58351
QuickSort,Random,5000,1,464300,8,109740
QuickSort,Random,5000,2,544800,8,109740
QuickSort,Random,5000,3,437300,8,109740
QuickSort,Random,5000,4,350600,8,109740
QuickSort,Random,5000,5,356300,8,109740
QuickSort,Random,5000,6,343800,8,109740
QuickSort,Random,5000,7,326600,8,109740
DeterministicSelect,Random,5000,1,144400,12,47286
DeterministicSelect,Random,5000,2,139400,12,47286
DeterministicSelect,Random,5000,3,138000,12,47286
DeterministicSelect,Random,5000,4,136900,12,47286
DeterministicSelect,Random,5000,5,142300,12,47286
DeterministicSelect,Random,5000,6,136200,12,47286
DeterministicSelect,Random,5000,7,152900,12,47286
MergeSort,Sorted,5000,1,45900,10,27124
MergeSort,Sorted,5000,2,46000,10,27124
MergeSort,Sorted,5000,3,45800,10,27124
MergeSort,Sorted,5000,4,46000,10,27124
MergeSort,Sorted,5000,5,46000,10,27124
MergeSort,Sorted,5000,6,45800,10,27124
MergeSort,Sorted,5000,7,49900,10,27124
QuickSort,Sorted,5000,1,196600,8,112533
QuickSort,Sorted,5000,2,184500,8,112533
QuickSort,Sorted,5000,3,236800,8,112533
QuickSort,Sorted,5000,4,245100,8,112533
QuickSort,Sorted,5000,5,181200,8,112533
QuickSort,Sorted,5000,6,172300,8,112533
QuickSort,Sorted,5000,7,171300,8,112533
DeterministicSelect,Sorted,5000,1,62600,11,41770
DeterministicSelect,Sorted,5000,2,59700,11,41770
DeterministicSelect,Sorted,5000,3,61300,11,41770
DeterministicSelect,Sorted,5000,4,56800,11,41770
DeterministicSelect,Sorted,5000,5,55900,11,41770
DeterministicSelect,Sorted,5000,6,54800,11,41770
DeterministicSelect,Sorted,5000,7,66000,11,41770
MergeSort,ReverseSorted,5000,1,79300,10,44324
MergeSort,ReverseSorted,5000,2,79900,10,44324
MergeSort,ReverseSorted,5000,3,80100,10,44324
MergeSort,ReverseSorted,5000,4,84900,10,44324
MergeSort,ReverseSorted,5000,5,82800,10,44324
MergeSort,ReverseSorted,5000,6,76700,10,44324
MergeSort,ReverseSorted,5000,7,76000,10,44324
QuickSort,ReverseSorted,5000,1,165300,8,104765
QuickSort,ReverseSorted,5000,2,169100,8,104765
QuickSort,ReverseSorted,5000,3,166900,8,104765
QuickSort,ReverseSorted,5000,4,161800,8,104765
QuickSort,ReverseSorted,5000,5,154800,8,104765
QuickSort,ReverseSorted,5000,6,150500,8,104765
QuickSort,ReverseSorted,5000,7,147400,8,104765
DeterministicSelect,ReverseSorted,5000,1,70400,10,46336
DeterministicSelect,ReverseSorted,5000,2,107900,10,46336
DeterministicSelect,ReverseSorted,5000,3,78300,10,46336
DeterministicSelect,ReverseSorted,5000,4,66600,10,46336
DeterministicSelect,ReverseSorted,5000,5,58100,10,46336
DeterministicSelect,ReverseSorted,5000,6,61200,10,46336
DeterministicSelect,ReverseSorted,5000,7,62500,10,46336
MergeSort,Duplicates,5000,1,202300,10,56038
MergeSort,Duplicates,5000,2,181700,10,56038
MergeSort,Duplicates,5000,3,229000,10,56038
MergeSort,Duplicates,5000,4,287000,10,56038
MergeSort,Duplicates,5000,5,265300,10,56038
MergeSort,Duplicates,5000,6,248000,10,56038
MergeSort,Duplicates,5000,7,261300,10,56038
QuickSort,Duplicates,5000,1,100100,2,27802
QuickSort,Duplicates,5000,2,113300,2,27802
QuickSort,Duplicates,5000,3,120000,2,27802
QuickSort,Duplicates,5000,4,99400,2,27802
QuickSort,Duplicates,5000,5,130300,2,27802
QuickSort,Duplicates,5000,6,99400,2,27802
QuickSort,Duplicates,5000,7,71500,2,27802
DeterministicSelect,Duplicates,5000,1,70500,6,19199
DeterministicSelect,Duplicates,5000,2,61800,6,19199
DeterministicSelect,Duplicates,5000,3,68200,6,19199
DeterministicSelect,Duplicates,5000,4,64100,6,19199
DeterministicSelect,Duplicates,5000,5,59600,6,19199
DeterministicSelect,Duplicates,5000,6,60900,6,19199
DeterministicSelect,Duplicates,5000,7,58800,6,19199
ClosestPair,RandomPoints,5000,1,2182800,12,6456
ClosestPair,RandomPoints,5000,2,2291300,12,6456
ClosestPair,RandomPoints,5000,3,3764500,12,6456
ClosestPair,RandomPoints,5000,4,2865600,12,6456
ClosestPair,RandomPoints,5000,5,2853100,12,6456
ClosestPair,RandomPoints,5000,6,2922200,12,6456
ClosestPair,RandomPoints,5000,7,3771900,12,6456
MergeSort,Random,10000,1,701200,11,126864
MergeSort,Random,10000,2,689200,11,126864
MergeSort,Random,10000,3,660600,11,126864
MergeSort,Random,10000,4,669100,11,126864
MergeSort,Random,10000,5,685200,11,126864
MergeSort,Random,10000,6,676700,11,126864
MergeSort,Random,10000,7,659000,11,126864
QuickSort,Random,10000,1,1071200,10,241188
QuickSort,Random,10000,2,1548200,10,241188
QuickSort,Random,10000,3,1100900,10,241188
QuickSort,Random,10000,4,815700,10,241188
QuickSort,Random,10000,5,814900,10,241188
QuickSort,Random,10000,6,820400,10,241188
QuickSort,Random,10000,7,805400,10,241188
DeterministicSelect,Random,10000,1,370400,12,98565
DeterministicSelect,Random,10000,2,340300,12,98565
DeterministicSelect,Random,10000,3,444400,12,98565
DeterministicSelect,Random,10000,4,434000,12,98565
DeterministicSelect,Random,10000,5,427600,12,98565
DeterministicSelect,Random,10000,6,422100,12,98565
DeterministicSelect,Random,10000,7,429600,12,98565
MergeSort,Sorted,10000,1,186500,11,59248
MergeSort,Sorted,10000,2,200600,11,59248
MergeSort,Sorted,10000,3,180900,11,59248
MergeSort,Sorted,10000,4,190000,11,59248
MergeSort,Sorted,10000,5,183500,11,59248
MergeSort,Sorted,10000,6,191000,11,59248
MergeSort,Sorted,10000,7,186700,11,59248
QuickSort,Sorted,10000,1,622200,9,248893
QuickSort,Sorted,10000,2,632000,9,248893
QuickSort,Sorted,10000,3,618300,9,248893
QuickSort,Sorted,10000,4,740300,9,248893
QuickSort,Sorted,10000,5,629700,9,248893
QuickSort,Sorted,10000,6,553600,9,248893
QuickSort,Sorted,10000,7,519600,9,248893
DeterministicSelect,Sorted,10000,1,215900,12,84304
DeterministicSelect,Sorted,10000,2,198000,12,84304
DeterministicSelect,Sorted,10000,3,222200,12,84304
DeterministicSelect,Sorted,10000,4,218000,12,84304
DeterministicSelect,Sorted,10000,5,213000,12,84304
DeterministicSelect,Sorted,10000,6,213600,12,84304
DeterministicSelect,Sorted,10000,7,212900,12,84304
MergeSort,ReverseSorted,10000,1,157600,11,93648
MergeSort,ReverseSorted,10000,2,160900,11,93648
MergeSort,ReverseSorted,10000,3,151900,11,93648
MergeSort,ReverseSorted,10000,4,150500,11,93648
MergeSort,ReverseSorted,10000,5,152500,11,93648
MergeSort,ReverseSorted,10000,6,261300,11,93648
MergeSort,ReverseSorted,10000,7,161100,11,93648
QuickSort,ReverseSorted,10000,1,352600,8,237995
QuickSort,ReverseSorted,10000,2,452500,8,237995
QuickSort,ReverseSorted,10000,3,378900,8,237995
QuickSort,ReverseSorted,10000,4,389100,8,237995
QuickSort,ReverseSorted,10000,5,391200,8,237995
QuickSort,ReverseSorted,10000,6,379400,8,237995
QuickSort,ReverseSorted,10000,7,376600,8,237995
DeterministicSelect,ReverseSorted,10000,1,146600,12,93661
DeterministicSelect,ReverseSorted,10000,2,147000,12,93661
DeterministicSelect,ReverseSorted,10000,3,141800,12,93661
DeterministicSelect,ReverseSorted,10000,4,140400,12,93661
DeterministicSelect,ReverseSorted,10000,5,139900,12,93661
DeterministicSelect,ReverseSorted,10000,6,139500,12,93661
DeterministicSelect,ReverseSorted,10000,7,137400,12,93661
MergeSort,Duplicates,10000,1,312500,11,121266
MergeSort,Duplicates,10000,2,278200,11,121266
MergeSort,Duplicates,10000,3,280900,11,121266
MergeSort,Duplicates,10000,4,292100,11,121266
MergeSort,Duplicates,10000,5,752700,11,121266
MergeSort,Duplicates,10000,6,673400,11,121266
MergeSort,Duplicates,10000,7,383200,11,121266
QuickSort,Duplicates,10000,1,108500,2,53230
QuickSort,Duplicates,10000,2,105800,2,53230
QuickSort,Duplicates,10000,3,106100,2,53230
QuickSort,Duplicates,10000,4,104400,2,53230
QuickSort,Duplicates,10000,5,151900,2,53230
QuickSort,Duplicates,10000,6,144000,2,53230
QuickSort,Duplicates,10000,7,142800,2,53230
DeterministicSelect,Duplicates,10000,1,168600,7,38105
DeterministicSelect,Duplicates,10000,2,178900,7,38105
DeterministicSelect,Duplicates,10000,3,174900,7,38105
DeterministicSelect,Duplicates,10000,4,175700,7,38105
DeterministicSelect,Duplicates,10000,5,179800,7,38105
DeterministicSelect,Duplicates,10000,6,165800,7,38105
DeterministicSelect,Duplicates,10000,7,168900,7,38105
ClosestPair,RandomPoints,10000,1,9031400,13,12971
ClosestPair,RandomPoints,10000,2,8609200,13,12971
ClosestPair,RandomPoints,10000,3,7716700,13,12971
ClosestPair,RandomPoints,10000,4,8579000,13,12971
ClosestPair,RandomPoints,10000,5,7432500,13,12971
ClosestPair,RandomPoints,10000,6,8948500,13,12971
ClosestPair,RandomPoints,10000,7,9118500,13,12971
MergeSort,Random,50000,1,4214900,13,769484
MergeSort,Random,50000,2,3305500,13,769484
MergeSort,Random,50000,3,3151700,13,769484
MergeSort,Random,50000,4,3331200,13,769484
MergeSort,Random,50000,5,4006400,13,769484
MergeSort,Random,50000,6,3348800,13,769484
MergeSort,Random,50000,7,3341300,13,769484
QuickSort,Random,50000,1,3809600,10,1550948
QuickSort,Random,50000,2,3876400,10,1550948
QuickSort,Random,50000,3,5045400,10,1550948
QuickSort,Random,50000,4,3858300,10,1550948
QuickSort,Random,50000,5,4044400,10,1550948
QuickSort,Random,50000,6,4075600,10,1550948
QuickSort,Random,50000,7,4902400,10,1550948
DeterministicSelect,Random,50000,1,2435800,14,496356
DeterministicSelect,Random,50000,2,1595300,14,496356
DeterministicSelect,Random,50000,3,1455800,14,496356
DeterministicSelect,Random,50000,4,1509100,14,496356
DeterministicSelect,Random,50000,5,1526100,14,496356
DeterministicSelect,Random,50000,6,1496500,14,496356
DeterministicSelect,Random,50000,7,1453900,14,496356
MergeSort,Sorted,50000,1,948800,13,347008
MergeSort,Sorted,50000,2,586500,13,347008
MergeSort,Sorted,50000,3,1640600,13,347008
MergeSort,Sorted,50000,4,1169600,13,347008
MergeSort,Sorted,50000,5,1065000,13,347008
MergeSort,Sorted,50000,6,724400,13,347008
MergeSort,Sorted,50000,7,582700,13,347008
QuickSort,Sorted,50000,1,2004500,10,1435101
QuickSort,Sorted,50000,2,2184800,10,1435101
QuickSort,Sorted,50000,3,3080000,10,1435101
QuickSort,Sorted,50000,4,2030500,10,1435101
QuickSort,Sorted,50000,5,1947300,10,1435101
QuickSort,Sorted,50000,6,1972700,10,1435101
QuickSort,Sorted,50000,7,1945600,10,1435101
DeterministicSelect,Sorted,50000,1,671600,15,435641
DeterministicSelect,Sorted,50000,2,877400,15,435641
DeterministicSelect,Sorted,50000,3,659100,15,435641
DeterministicSelect,Sorted,50000,4,664900,15,435641
DeterministicSelect,Sorted,50000,5,664400,15,435641
DeterministicSelect,Sorted,50000,6,1376400,15,435641
DeterministicSelect,Sorted,50000,7,1103200,15,435641
MergeSort,ReverseSorted,50000,1,952900,13,579408
MergeSort,ReverseSorted,50000,2,960100,13,579408
MergeSort,ReverseSorted,50000,3,973800,13,579408
MergeSort,ReverseSorted,50000,4,971900,13,579408
MergeSort,ReverseSorted,50000,5,954400,13,579408
MergeSort,ReverseSorted,50000,6,1310700,13,579408
MergeSort,ReverseSorted,50000,7,1661800,13,579408
QuickSort,ReverseSorted,50000,1,2249800,10,1415597
QuickSort,ReverseSorted,50000,2,2085600,10,1415597
QuickSort,ReverseSorted,50000,3,2627400,10,1415597
QuickSort,ReverseSorted,50000,4,2167100,10,1415597
QuickSort,ReverseSorted,50000,5,2606100,10,1415597
QuickSort,ReverseSorted,50000,6,2371000,10,1415597
QuickSort,ReverseSorted,50000,7,1952000,10,1415597
DeterministicSelect,ReverseSorted,50000,1,702200,14,478423
DeterministicSelect,ReverseSorted,50000,2,734700,14,478423
DeterministicSelect,ReverseSorted,50000,3,770200,14,478423
DeterministicSelect,ReverseSorted,50000,4,943900,14,478423
DeterministicSelect,ReverseSorted,50000,5,772600,14,478423
DeterministicSelect,ReverseSorted,50000,6,732300,14,478423
DeterministicSelect,ReverseSorted,50000,7,722200,14,478423
MergeSort,Duplicates,50000,1,1674100,13,734131
MergeSort,Duplicates,50000,2,1876900,13,734131
MergeSort,Duplicates,50000,3,2605100,13,734131
MergeSort,Duplicates,50000,4,2299400,13,734131
MergeSort,Duplicates,50000,5,1762100,13,734131
MergeSort,Duplicates,50000,6,2511600,13,734131
MergeSort,Duplicates,50000,7,3230600,13,734131
QuickSort,Duplicates,50000,1,610100,2,374442
QuickSort,Duplicates,50000,2,754900,2,374442
QuickSort,Duplicates,50000,3,17924800,2,374442
QuickSort,Duplicates,50000,4,1143100,2,374442
QuickSort,Duplicates,50000,5,1170100,2,374442
QuickSort,Duplicates,50000,6,1182700,2,374442
QuickSort,Duplicates,50000,7,1312900,2,374442
DeterministicSelect,Duplicates,50000,1,1361700,8,196024
DeterministicSelect,Duplicates,50000,2,1285000,8,196024
DeterministicSelect,Duplicates,50000,3,1283800,8,196024
DeterministicSelect,Duplicates,50000,4,2089800,8,196024
DeterministicSelect,Duplicates,50000,5,1294300,8,196024
DeterministicSelect,Duplicates,50000,6,1567300,8,196024
DeterministicSelect,Duplicates,50000,7,1346100,8,196024
ClosestPair,RandomPoints,50000,1,33519500,16,71048
ClosestPair,RandomPoints,50000,2,21036300,16,71048
ClosestPair,RandomPoints,50000,3,20944000,16,71048
ClosestPair,RandomPoints,50000,4,20652000,16,71048
ClosestPair,RandomPoints,50000,5,22539600,16,71048
ClosestPair,RandomPoints,50000,6,21194100,16,71048
ClosestPair,RandomPoints,50000,7,20133900,16,71048
